customer_id,customer_name,email,city,state,created_at
CUST000001,Allison Hill,allison.hill.1@example.com,East Jill,TX,2024-01-25 20:11:53
CUST000002,Kimberly Garza,kimberly.garza.2@email.com,North Claytonbury,NY,2024-07-14 15:04:44
CUST000003,Kristina Baldwin,kristina.baldwin.3@mail.com,Robinsonshire,KY,2024-04-23 19:08:21
CUST000004,Abigail Shaffer,abigail.shaffer.4@example.com,Petersonberg,IL,2025-06-15 00:33:23
CUST000005,Gabrielle Davis,gabrielle.davis.5@example.com,West Melanieview,AS,2025-04-09 01:32:31
CUST000006,Joe Martinez,joe.martinez.6@test.com,Millerport,MP,2024-01-31 02:26:09
CUST000007,Stacey Ward,stacey.ward.7@example.com,Lake Chad,TN,2024-03-19 04:34:11
CUST000008,Dylan Miller,dylan.miller.8@mail.com,Port Craig,KY,2024-07-05 03:04:38
CUST000009,Roy Martin,roy.martin.9@example.com,Jasonview,UT,2025-03-17 08:19:48
CUST000010,Maria Lynch,maria.lynch.10@mail.com,New Jessica,GA,2025-07-15 13:32:12
CUST000011,Devin Schaefer,devin.schaefer.11@test.com,Lake Mark,WI,2024-06-25 15:16:29
CUST000012,Crystal Johnson,crystal.johnson.12@test.com,Richardland,IL,2025-04-08 02:40:20
CUST000013,Latoya Robbins,latoya.robbins.13@email.com,Lake Victor,FM,2025-09-26 02:50:28
CUST000014,Judy Baker,judy.baker.14@example.com,Lake Anna,KS,2025-08-17 19:09:30
CUST000015,Jessica Silva,jessica.silva.15@mail.com,Jeffreyberg,NY,2025-07-01 16:13:31
CUST000016,Peter Callahan Jr.,peter.callahan.jr.16@test.com,Port Erin,PA,2024-09-26 16:41:35
CUST000017,James Ferrell,james.ferrell.17@email.com,Tashatown,TX,2024-05-06 04:18:42
CUST000018,Melanie Herrera,melanie.herrera.18@mail.com,Kaylamouth,DE,2025-08-21 10:31:33
CUST000019,Christopher Smith,christopher.smith.19@email.com,Teresaburgh,NY,2024-03-25 19:18:05
CUST000020,Sheila Evans,sheila.evans.20@example.com,East Nathaniel,GA,2024-10-27 12:19:19
CUST000021,Paula Moreno,paula.moreno.21@example.com,New Mariotown,DE,2024-10-11 05:49:28
CUST000022,Sherry Decker,sherry.decker.22@email.com,Johnbury,FM,2025-04-19 08:13:58
CUST000023,Angela Dennis,angela.dennis.23@email.com,Port Amandaberg,DC,2025-09-24 07:55:31
CUST000024,Theresa Martin,theresa.martin.24@example.com,Brandtside,WV,2025-07-26 05:09:01
CUST000025,Christina Collins,christina.collins.25@test.com,Samuelhaven,NV,2025-02-25 21:58:48
CUST000026,Danny Morgan,danny.morgan.26@example.com,New Jeffrey,CA,2025-12-22 18:47:44
CUST000027,Amy Jones,amy.jones.27@test.com,Port Markhaven,IA,2024-03-07 14:54:21
CUST000028,John Ryan,john.ryan.28@email.com,Sanchezfort,AS,2025-10-11 15:11:14
CUST000029,Brandon Hopkins,brandon.hopkins.29@email.com,Rodneymouth,VI,2025-03-29 20:35:16
CUST000030,Megan Joyce,megan.joyce.30@mail.com,North Richardmouth,AS,2025-07-06 16:08:05
CUST000031,Danielle Lee,danielle.lee.31@example.com,Taylorburgh,KY,2024-02-11 00:11:32
CUST000032,Shannon Jones,shannon.jones.32@mail.com,North Deniseside,MP,2025-08-28 21:00:08
CUST000033,Brandon Molina,brandon.molina.33@email.com,East Richard,NJ,2024-03-08 09:23:38
CUST000034,James Brown,james.brown.34@mail.com,Smithfurt,KS,2025-11-09 10:23:24
CUST000035,Rachel Mitchell,rachel.mitchell.35@example.com,Mooreport,IL,2024-10-27 16:01:49
CUST000036,Lauren Daniels,lauren.daniels.36@email.com,Brianshire,NJ,2024-12-23 14:08:40
CUST000037,Sarah Moore,sarah.moore.37@email.com,Port Jacobland,TX,2024-05-11 18:03:21
CUST000038,Jennifer David,jennifer.david.38@email.com,New Brooke,RI,2024-10-08 08:41:23
CUST000039,Matthew Cunningham,matthew.cunningham.39@mail.com,Sarahborough,TN,2025-06-09 22:56:04
CUST000040,Cynthia Foster,cynthia.foster.40@email.com,Stephenland,AL,2025-07-04 12:50:33
CUST000041,Zachary Ferrell,zachary.ferrell.41@example.com,New Jasonview,DC,2025-04-23 12:59:19
CUST000042,Shirley Suarez,shirley.suarez.42@mail.com,Justinmouth,MP,2025-02-24 07:03:10
CUST000043,Elizabeth Riggs,elizabeth.riggs.43@mail.com,Lake Lisaport,TN,2024-05-12 08:00:25
CUST000044,Shawn Baker,shawn.baker.44@test.com,Lake Angelaview,LA,2024-10-27 03:31:33
CUST000045,Michelle Harris,michelle.harris.45@email.com,Williamview,MH,2025-12-25 04:30:20
CUST000046,Amber Walters,amber.walters.46@mail.com,Bradleymouth,WI,2025-06-21 04:05:54
CUST000047,William Martin,william.martin.47@email.com,Arnoldchester,OH,2025-10-22 01:51:44
CUST000048,Benjamin Ware,benjamin.ware.48@example.com,New Barry,MN,2024-07-02 07:43:45
CUST000049,Brittany Anderson,brittany.anderson.49@example.com,Michaelton,MH,2025-09-22 17:06:19
CUST000050,Michael Estrada,michael.estrada.50@email.com,Kimberlychester,RI,2024-11-13 00:13:03
CUST000051,Tammy Young,tammy.young.51@email.com,Port Lisa,FM,2024-02-26 19:48:32
CUST000052,Christopher Middleton,christopher.middleton.52@mail.com,Phambury,KY,2025-12-15 16:03:17
CUST000053,Michael Reyes,michael.reyes.53@email.com,Port Thomasborough,GU,2024-06-19 13:36:35
CUST000054,Hannah Hoover,hannah.hoover.54@test.com,East Andrew,ID,2024-11-08 17:04:37
CUST000055,Donald Jones,donald.jones.55@test.com,Michaelhaven,MO,2024-04-26 09:17:00
CUST000056,Sarah Rivera,sarah.rivera.56@email.com,North Natalieview,HI,2024-04-23 20:51:42
CUST000057,Victoria Johnson,victoria.johnson.57@mail.com,Reedmouth,NE,2025-08-07 01:33:54
CUST000058,Kayla Cruz,kayla.cruz.58@email.com,West Bradley,NE,2025-08-08 15:18:38
CUST000059,Timothy Ryan,timothy.ryan.59@test.com,West Ryan,TN,2025-12-03 18:35:43
CUST000060,Lisa Alvarado,lisa.alvarado.60@test.com,Lake Rachelhaven,ME,2024-10-13 14:04:00
CUST000061,Erika Terry,erika.terry.61@mail.com,East Robert,MS,2024-04-22 20:39:16
CUST000062,Stephanie Gilbert,stephanie.gilbert.62@test.com,Richardtown,ME,2024-03-17 00:38:17
CUST000063,Jeffrey Carpenter,jeffrey.carpenter.63@example.com,Stevenmouth,TX,2025-11-05 06:05:08
CUST000064,John Santana,john.santana.64@example.com,Lake Christopher,NY,2024-05-04 03:07:57
CUST000065,Lisa Davis,lisa.davis.65@mail.com,Lake Lance,AS,2025-09-12 15:23:36
CUST000066,Alexander Sanchez,alexander.sanchez.66@test.com,Carrland,NH,2025-04-13 15:50:02
CUST000067,Mark Lee,mark.lee.67@example.com,Snyderbury,FL,2024-10-31 06:32:47
CUST000068,Abigail Potter,abigail.potter.68@test.com,Port Ronaldburgh,AS,2025-04-13 06:07:45
CUST000069,Kelly Williams,kelly.williams.69@test.com,Port David,DC,2025-02-20 09:22:12
CUST000070,Mary Travis,mary.travis.70@email.com,Stephaniemouth,RI,2025-03-11 02:50:31
CUST000071,Stephanie Simmons,stephanie.simmons.71@example.com,Merrittfort,NV,2025-06-17 19:21:56
CUST000072,David Walsh,david.walsh.72@example.com,Simsview,NV,2025-06-18 21:57:58
CUST000073,Dustin Nelson,dustin.nelson.73@email.com,Patricialand,DC,2025-08-25 09:40:57
CUST000074,James Hernandez,james.hernandez.74@email.com,North Robert,MA,2024-04-02 01:26:49
CUST000075,Jennifer Clark,jennifer.clark.75@email.com,Priceshire,UT,2024-12-09 02:34:32
CUST000076,Spencer Johnston,spencer.johnston.76@mail.com,Smithstad,ME,2024-12-23 19:59:12
CUST000077,Sarah Ashley,sarah.ashley.77@example.com,Medinaside,AS,2025-07-20 06:44:07
CUST000078,Connie Robinson,connie.robinson.78@email.com,Tuckerfurt,MA,2025-01-29 05:33:55
CUST000079,Rebecca Ramsey,rebecca.ramsey.79@mail.com,Calhounside,AK,2025-02-03 17:50:10
CUST000080,Leslie Alvarado,leslie.alvarado.80@example.com,Lake Roymouth,HI,2025-11-12 13:36:22
CUST000081,James Lewis,james.lewis.81@email.com,Matthewfurt,KY,2025-10-21 03:49:03
CUST000082,Sandra King,sandra.king.82@mail.com,South Andrewside,AR,2024-05-04 03:05:39
CUST000083,Mrs. Marie Harrington DDS,mrs.marie.harrington.dds.83@email.com,East Jamestown,RI,2025-08-20 16:11:43
CUST000084,Cameron Caldwell,cameron.caldwell.84@mail.com,South Holly,WI,2025-02-28 08:43:03
CUST000085,Larry Stuart,larry.stuart.85@example.com,Port Loriport,CT,2025-04-15 15:06:00
CUST000086,Tanya Johnston,tanya.johnston.86@email.com,Sandersborough,CA,2025-01-19 22:14:04
CUST000087,Sandra Sanchez,sandra.sanchez.87@example.com,Melissaville,WY,2024-04-02 07:19:45
CUST000088,Dr. Hannah Patterson,dr.hannah.patterson.88@email.com,Caseymouth,AL,2025-11-18 22:31:36
CUST000089,Samantha Garcia,samantha.garcia.89@email.com,Cynthiamouth,VT,2024-07-10 09:40:42
CUST000090,Christopher Boyd,christopher.boyd.90@example.com,Christinaside,WI,2024-07-11 12:08:08
CUST000091,Mr. Nicholas Adams,mr.nicholas.adams.91@example.com,Port Sarah,KY,2024-03-12 22:39:35
CUST000092,Dana Marshall,dana.marshall.92@test.com,Rogersfort,PR,2025-10-01 05:44:23
CUST000093,John Kelly,john.kelly.93@example.com,Matthewview,OH,2025-08-19 04:36:57
CUST000094,Travis Miller,travis.miller.94@mail.com,Freemanbury,UT,2024-04-15 03:21:15
CUST000095,Michael West,michael.west.95@test.com,North Kellyfurt,UT,2025-03-08 11:02:44
CUST000096,Matthew Wood,matthew.wood.96@mail.com,Ronaldside,MA,2024-07-30 06:58:39
CUST000097,Jesse Parker,jesse.parker.97@test.com,North Jennifer,MD,2024-06-18 22:10:06
CUST000098,Joshua Gill,joshua.gill.98@mail.com,East Javier,NJ,2025-07-13 04:17:45
CUST000099,Kevin Wolf,kevin.wolf.99@email.com,Tinaborough,LA,2024-11-11 07:43:09
CUST000100,Christopher Smith,christopher.smith.100@email.com,West Brandon,AR,2024-12-11 16:44:28
CUST000101,Melissa Martinez,melissa.martinez.101@test.com,Garciatown,OK,2024-04-09 09:38:44
CUST000102,John Peterson,john.peterson.102@mail.com,West Shelleyfort,DE,2024-06-28 22:37:33
CUST000103,Jennifer Jones,jennifer.jones.103@example.com,East Edwardshire,ME,2024-09-25 00:20:08
CUST000104,David Grant,david.grant.104@example.com,Obrienbury,WI,2025-04-07 08:49:59
CUST000105,Joanna Ramos,joanna.ramos.105@mail.com,Torreston,RI,2025-04-07 11:16:57
CUST000106,Annette Farmer,annette.farmer.106@mail.com,West Donna,GA,2024-01-12 00:00:39
CUST000107,Juan Moore,juan.moore.107@example.com,Hayesfort,LA,2025-07-09 05:04:31
CUST000108,Dwayne Campbell,dwayne.campbell.108@example.com,Jonesbury,KS,2024-07-02 05:44:53
CUST000109,Lori Guerrero,lori.guerrero.109@example.com,South Danny,IN,2025-12-09 16:12:58
CUST000110,Susan Serrano,susan.serrano.110@example.com,North Gabrielport,PA,2025-11-04 02:43:45
CUST000111,Laura Roberts,laura.roberts.111@email.com,South Haleyfurt,KY,2024-03-01 10:50:26
CUST000112,Katherine Miller,katherine.miller.112@mail.com,South Jessicaview,AK,2024-08-09 17:09:22
CUST000113,Vernon Huff,vernon.huff.113@test.com,Port Emilyview,OK,2024-06-20 19:37:38
CUST000114,Peter Ruiz,peter.ruiz.114@mail.com,Moonburgh,OR,2025-07-21 06:13:58
CUST000115,Robert Costa,robert.costa.115@test.com,Baileymouth,MD,2024-07-13 03:45:38
CUST000116,Shannon Rivera,shannon.rivera.116@test.com,Robertsfurt,GU,2025-09-24 14:47:56
CUST000117,Amanda Miller,amanda.miller.117@test.com,Marcusfurt,VI,2024-06-02 07:27:43
CUST000118,Virginia Sandoval,virginia.sandoval.118@example.com,Gutierrezborough,NC,2024-03-21 16:53:06
CUST000119,Peter Garrett,peter.garrett.119@test.com,East Josephberg,LA,2024-10-07 14:32:57
CUST000120,Michael Martinez,michael.martinez.120@test.com,Lake Eric,OH,2024-11-20 17:27:56
CUST000121,Jason Walker,jason.walker.121@test.com,South Staceyberg,NM,2025-11-07 09:02:52
CUST000122,Dorothy Thornton,dorothy.thornton.122@example.com,Davenportfort,IA,2025-06-12 10:23:19
CUST000123,Charles Lee,charles.lee.123@example.com,Port Chad,WI,2024-02-22 11:51:57
CUST000124,Jennifer Villa,jennifer.villa.124@test.com,Loriport,VA,2025-07-25 00:50:56
CUST000125,Kevin Duarte,kevin.duarte.125@email.com,Grimesmouth,ND,2025-09-19 06:05:23
CUST000126,Mr. Phillip Bennett,mr.phillip.bennett.126@example.com,Mollybury,OK,2024-07-17 13:15:14
CUST000127,Scott Jenkins,scott.jenkins.127@mail.com,Juliefurt,MS,2024-06-02 03:42:53
CUST000128,Rebecca Pearson MD,rebecca.pearson.md.128@test.com,East Wayneshire,MA,2024-04-24 07:09:04
CUST000129,Shelly Alexander,shelly.alexander.129@test.com,Smithberg,MT,2024-05-27 22:25:43
CUST000130,Tracy Jones,tracy.jones.130@email.com,Matthewfurt,SD,2024-12-30 17:58:34
CUST000131,Gary Craig,gary.craig.131@mail.com,Finleyfort,VI,2025-11-15 15:33:48
CUST000132,Lisa Young,lisa.young.132@example.com,Wendyland,NE,2024-12-15 14:31:10
CUST000133,Paige Padilla,paige.padilla.133@example.com,South Garrettport,MH,2024-02-14 16:59:55
CUST000134,Frederick Brown,frederick.brown.134@example.com,Nicholasberg,IA,2024-03-18 20:30:28
CUST000135,Kylie Sparks,kylie.sparks.135@mail.com,East Christian,VI,2024-05-14 14:13:39
CUST000136,Michael Jimenez,michael.jimenez.136@test.com,East Steven,KS,2025-01-17 14:58:14
CUST000137,Michael Nolan,michael.nolan.137@test.com,Santanaside,GA,2024-06-20 10:30:08
CUST000138,Tony Huerta,tony.huerta.138@test.com,Daniellechester,UT,2025-12-07 08:43:05
CUST000139,Ryan Gonzalez,ryan.gonzalez.139@example.com,Castanedaville,IA,2024-05-13 07:01:20
CUST000140,Ian Phillips,ian.phillips.140@test.com,Andrewfurt,KY,2024-01-08 02:08:34
CUST000141,Sean Osborne,sean.osborne.141@test.com,New Julieport,WI,2024-07-30 09:42:25
CUST000142,Lisa Gomez,lisa.gomez.142@test.com,New John,WV,2024-08-14 23:23:41
CUST000143,Mary Massey,mary.massey.143@test.com,Lake Debbieport,WY,2025-06-30 11:22:14
CUST000144,Kevin Oconnor,kevin.oconnor.144@test.com,West Markchester,HI,2024-05-05 15:35:09
CUST000145,Richard Walter,richard.walter.145@mail.com,Alyssaview,MP,2024-08-23 20:59:55
CUST000146,Thomas Raymond,thomas.raymond.146@mail.com,Juliemouth,AS,2024-02-20 20:10:17
CUST000147,Victor Taylor,victor.taylor.147@example.com,Port Erica,TX,2025-08-09 09:14:20
CUST000148,Tracy Ballard,tracy.ballard.148@email.com,Christopherfurt,AL,2024-02-19 19:36:06
CUST000149,Caleb Richardson,caleb.richardson.149@example.com,Brendastad,CT,2025-04-04 03:49:24
CUST000150,Kaitlyn Harvey,kaitlyn.harvey.150@test.com,Rosebury,SD,2025-01-30 23:46:27
CUST000151,Rodney Blankenship,rodney.blankenship.151@mail.com,Debraville,DC,2024-02-19 14:16:33
CUST000152,Andrew Ferrell,andrew.ferrell.152@example.com,North Jimmyside,DC,2025-10-28 16:08:21
CUST000153,Jacob Avery,jacob.avery.153@mail.com,Matthewsberg,FM,2024-02-28 15:17:38
CUST000154,Brett Burns,brett.burns.154@example.com,Crosbyview,AZ,2025-06-13 20:50:17
CUST000155,Claudia Wallace,claudia.wallace.155@mail.com,Port Michael,TX,2024-11-15 00:53:08
CUST000156,Steven Newman,steven.newman.156@example.com,South Joshuaville,PR,2025-11-27 22:07:20
CUST000157,Anna Lewis,anna.lewis.157@mail.com,North Kristinbury,DC,2025-03-31 01:47:50
CUST000158,Christine Gallegos,christine.gallegos.158@example.com,New Jason,VI,2025-05-01 12:04:19
CUST000159,Raymond Kramer,raymond.kramer.159@example.com,West Micheleberg,DC,2024-11-27 00:52:57
CUST000160,Rebecca Rodriguez,rebecca.rodriguez.160@email.com,East Alexisbury,OR,2026-01-01 10:09:05
CUST000161,Christopher Williams,christopher.williams.161@email.com,Foxland,NJ,2024-06-13 01:37:52
CUST000162,Ivan Wheeler,ivan.wheeler.162@email.com,Gordonton,VA,2024-07-09 19:23:33
CUST000163,Sharon Boyd,sharon.boyd.163@email.com,Schneidertown,AR,2024-11-08 19:56:48
CUST000164,Dr. Jessica Rodriguez DDS,dr.jessica.rodriguez.dds.164@mail.com,Jonesland,MD,2025-06-11 03:10:37
CUST000165,Ana Hill,ana.hill.165@email.com,Oscarhaven,LA,2024-12-26 13:14:51
CUST000166,Larry Garcia,larry.garcia.166@email.com,Port Dianaside,VA,2025-12-28 00:07:14
CUST000167,Jessica Beasley,jessica.beasley.167@example.com,Morganmouth,MO,2024-01-13 15:36:59
CUST000168,Brandon Simmons,brandon.simmons.168@test.com,Nicholasberg,TX,2025-05-02 21:12:41
CUST000169,Andrea Decker,andrea.decker.169@example.com,South Colinstad,AS,2024-03-03 07:38:33
CUST000170,Anthony Frye,anthony.frye.170@mail.com,Elizabethchester,MI,2025-02-02 08:20:17
CUST000171,Teresa Henderson,teresa.henderson.171@email.com,West Carolinestad,CT,2024-04-18 07:07:59
CUST000172,Christy Douglas,christy.douglas.172@email.com,Port Daniel,PR,2025-11-20 14:27:44
CUST000173,Ashley Ramirez,ashley.ramirez.173@example.com,Port Roy,OH,2025-11-19 08:44:57
CUST000174,Sabrina Austin,sabrina.austin.174@mail.com,New Sarahview,AK,2024-10-19 10:26:53
CUST000175,Michael Parker,michael.parker.175@email.com,Michaelburgh,VI,2024-05-07 22:34:40
CUST000176,Matthew Jones,matthew.jones.176@test.com,North Julieborough,MS,2025-10-15 00:05:46
CUST000177,Glen Wood,glen.wood.177@email.com,Kimberlyshire,PA,2025-04-25 12:27:49
CUST000178,Anthony Moore,anthony.moore.178@example.com,Lake Christophermouth,TN,2025-06-08 03:50:10
CUST000179,Lawrence Perry,lawrence.perry.179@email.com,Port William,MI,2025-12-30 03:09:19
CUST000180,Douglas Gregory,douglas.gregory.180@example.com,Roseport,AZ,2025-11-18 11:26:13
CUST000181,William Brown,william.brown.181@mail.com,West Sierra,WI,2024-07-29 19:57:57
CUST000182,David Murphy,david.murphy.182@example.com,South Julieburgh,DC,2025-11-27 11:24:39
CUST000183,Michael Mason,michael.mason.183@example.com,Charleston,NE,2025-08-05 01:36:50
CUST000184,Thomas Atkins,thomas.atkins.184@mail.com,Berrychester,LA,2024-08-04 22:54:09
CUST000185,Alex Nguyen,alex.nguyen.185@email.com,Collierstad,CO,2025-04-20 04:48:32
CUST000186,Brian Graham,brian.graham.186@mail.com,Warrenfurt,VI,2025-07-16 19:13:28
CUST000187,Gerald Cook,gerald.cook.187@email.com,North William,DE,2024-06-12 13:17:34
CUST000188,Cheyenne Parsons,cheyenne.parsons.188@email.com,Jessicaberg,IA,2025-02-01 23:28:17
CUST000189,David Thompson,david.thompson.189@test.com,Port Katherine,CA,2024-07-19 11:12:11
CUST000190,Raymond Snyder,raymond.snyder.190@example.com,Maldonadoshire,SD,2024-03-18 02:31:55
CUST000191,Lori Lin,lori.lin.191@test.com,Edwardland,NJ,2025-10-11 14:07:58
CUST000192,Eric Hill,eric.hill.192@email.com,West Williamport,NH,2024-02-09 15:48:02
CUST000193,Anthony Decker,anthony.decker.193@example.com,Lake Michelleland,RI,2024-09-21 11:54:30
CUST000194,Janice Carpenter,janice.carpenter.194@mail.com,South Reginashire,SD,2025-05-15 06:37:04
CUST000195,Larry Mason,larry.mason.195@email.com,South Dalemouth,VT,2024-05-10 22:04:12
CUST000196,Matthew Williams,matthew.williams.196@test.com,Ritterhaven,NC,2025-03-09 22:01:56
CUST000197,Helen Hardin,helen.hardin.197@test.com,Ortizmouth,TX,2025-03-17 02:01:32
CUST000198,Rachel Holland,rachel.holland.198@example.com,West Codyfurt,LA,2024-04-02 07:26:39
CUST000199,Samuel Brandt,samuel.brandt.199@example.com,West Christopher,TN,2025-11-22 08:15:36
CUST000200,Gregory Ponce,gregory.ponce.200@mail.com,Andersonland,ME,2025-03-05 04:30:14
